Date,Close,Log_Return,Monetary,Fiscal,Geopolitics,News_Context,Volatility_Baseline,Volatility_Augmented,Vol_Multiplier,Volatility_Market_Adjusted,Volatility_Market_Adjusted_Bucket
2026-01-02,4314.39990234375,-0.2592639256080685,0.8,0.4,0.3,"Gold (GC=F) futures opened at $4,340...",1.5082906146072117,1.5104060407930784,1.5177,2.2891,Very Low
2026-01-05,4436.89990234375,2.7997669976117594,1.0,1.0,0.3333333333333333,"Gold (GC=F) futures opened at $4,489...",1.4484627104091852,1.4519738055845388,1.7832,2.5829,Low
2026-01-06,4482.2001953125,1.0158128512449065,1.0,1.0,0.5,"Gold and silver extend rally; UBS sees...",1.5562426008758914,1.5678118748902814,1.8500,2.8790,Medium
2026-01-07,4449.2998046875,-0.7367304357957669,1.0,0.125,0.375,"Gold (GC=F) futures opened at $4,489...",1.5061986460937142,1.5198808106087354,1.6250,2.4476,Low
2026-01-08,4449.7001953125,0.0089985532143071,1.0,0.0,1.0,"Gold (GC=F) futures opened at $4,489...",1.462069954500934,1.480854130695466,1.7027,2.4895,Low
2026-01-09,4490.2998046875,0.9082749101682024,1.0,0.25,0.75,"Gold (GC=F) futures opened at $4,489...",1.4013167058030411,1.421416590449806,1.8000,2.5224,Low
2026-01-12,4604.2998046875,2.507113587662257,1.0,0.3333333333333333,0.0,"Comments (12) Gold and silver futures...",1.3583791145618922,1.3738831695205436,1.5166,2.0601,Very Low
2026-01-13,4589.2001953125,-0.3284847544970745,0.9285714285714286,0.6428571428571429,0.4285714285714285,"Gold (GC=F) futures opened at $4,621...",1.4460240799189894,1.453872393568341,1.6773,2.4254,Low
2026-01-14,4626.2998046875,0.8051610829708838,0.9166666666666666,0.6666666666666666,0.5833333333333334,"Gold slips while silver hits another...",1.3919409994759904,1.4000970683097698,1.7917,2.4940,Low
2026-01-15,4616.2998046875,-0.2163894212595402,1.0,0.4615384615384615,0.6153846153846154,"Barrick Mining: Don't Miss This Gold...",1.3459249545256324,1.3537023334824008,1.7032,2.2924,Very Low
2026-01-16,4588.39990234375,-0.6062117977439173,1.0,0.1666666666666666,0.5,"Gold turns lower as Trump says may not...",1.2960229841036497,1.3049203980811412,1.6834,2.1817,Very Low
2026-01-20,4759.60009765625,3.6632293474919337,0.75,0.5,0.75,"Comments (133) New geopolitical uncertainties...",1.4657096597927766,1.4670136957053013,1.7750,2.6016,Medium
2026-01-21,4831.7998046875,1.5055377008505682,0.9090909090909092,0.0909090909090909,0.5454545454545454,"Between fiscal deficits, above-target...",1.5320520916893223,1.5401513787032428,1.6589,2.4758,Low
2026-01-22,4908.7998046875,1.5810444337397165,0.8333333333333334,0.8333333333333334,0.5,"Gold (GC=F) futures surpassed $4,900...",1.5093638966154868,1.5108011937597332,1.7947,2.5660,Medium
2026-01-23,4976.2001953125,1.3637113842028292,0.9,0.3,0.4,"Gold just had its best week since the...",1.4936897403360898,1.4984373754633245,1.6400,2.4497,Low
2026-01-26,5079.7001953125,2.0585656373535244,0.6666666666666666,0.5,0.25,"Gold (GC=F) futures jumped above $5,500...",1.4657096597927766,1.4670136957053013,1.5500,2.2718,Very Low
2026-01-27,5079.89990234375,0.003931395514705,0.7619047619047619,0.5714285714285714,0.8095238095238095,"Like most families, my family has also...",1.4924382389775896,1.4946753417252714,1.6680,2.4894,Low
2026-01-28,5301.60009765625,4.271712307880896,0.8888888888888888,0.5555555555555556,0.6666666666666666,"Financial markets are up as the first...",1.429798956770716,1.4327031325304709,1.7947,2.5660,Medium
2026-01-29,5318.39990234375,0.3163807664950135,1.0,0.0833333333333333,0.5,"Gold's rally above $5,500 per ounce is...",1.7556188126893195,1.7563120671792916,1.6114,2.8290,Medium
2026-01-30,4713.89990234375,-12.06569177115754,0.8636363636363636,0.5,0.4090909090909091,"Gold Drops 12% as Overleveraged Crypto...",1.676672627248424,1.6780506872670249,1.6728,2.8047,Medium
2026-02-02,4622.5,-1.95798858862585,0.8076923076923077,0.5,0.4230769230769231,"Gold's recent selloff has not deterred...",3.640164272443078,3.662088068829512,1.6616,6.0485,Very High
2026-02-03,4903.7001953125,5.905437776175919,0.875,0.3125,0.625,"Gold bugs and silver bulls had a lot...",3.5010582791818656,3.527323800762834,1.5770,5.5212,Very High
2026-02-04,4920.39990234375,0.3399746124372904,0.8888888888888888,0.5555555555555556,0.6666666666666666,"Q4 earnings season is in full swing...",2.793307537154451,2.828879334911119,1.6775,4.6858,High
2026-02-05,4861.39990234375,-1.206336598034207,0.9090909090909092,0.3636363636363636,0.4545454545454545,"Issued on behalf of Lake Victoria Gold...",3.4739458402938883,3.498362074725295,1.7354,6.0287,Very High
2026-02-06,4951.2001953125,1.830356870558863,0.6666666666666666,0.4444444444444444,0.4444444444444444,"NEW YORK, Feb. 6, 2026 /PRNewswire/ --...",2.688312246439691,2.729924799872809,1.5900,4.2744,High
2026-02-09,5050.89990234375,1.993641500519393,0.4285714285714285,0.7142857142857143,0.4285714285714285,"Gold (GC=F) April futures opened at...",3.181338867447572,3.2119944186600855,1.6500,5.2492,Very High
2026-02-10,5003.7998046875,-0.9368841148208894,1.0,0.75,0.25,"The world's two most important financial...",3.0602382709838043,3.095276748456194,1.8168,5.5598,Very High
2026-02-11,5071.60009765625,1.3458784179660237,0.75,0.25,0.5,"Gold (GC=F) April futures opened at...",2.676051902697874,2.711597118998509,1.8168,4.3175,High
2026-02-12,4923.7001953125,-2.959604886955879,1.0,0.3333333333333333,0.6666666666666666,"(in U.S. dollars unless otherwise noted) TORONTO...",2.782700697745907,2.825667443573489,1.6500,3.5987,High
2026-02-13,5022.0,1.9767940677785292,0.8,0.4,0.3,"Gold Royalty Corp (NYSE:GROY) is one of...",2.3764236526146805,2.409730508998352,1.8000,3.7550,High
2026-02-17,4882.89990234375,-2.8088975078812037,0.4,0.8,0.4,"The Supreme Court's decision to invalidate...",2.382848300225199,2.4162272162025307,1.6777,4.0008,High
2026-02-18,4975.89990234375,0.9766362602618252,0.7142857142857143,0.4285714285714285,0.4285714285714285,"Kinross produced just over 2 million...",2.4698472406394507,2.504847431269262,1.6822,4.1536,High
2026-02-19,4923.7001953125,-2.959604886955879,1.0,0.3333333333333333,0.6666666666666666,"Gold (GC=F) April futures opened at...",2.782700697745907,2.825667443573489,1.6500,3.5987,High
2026-02-20,5059.2998046875,1.6621856057854087,1.0,0.5,0.5,"The SPDR Gold Trust (NYSE:GLD) is up almost...",2.5956457697980584,2.6304201425673925,1.7100,4.4380,High
2026-02-23,5204.7001953125,2.8334005840505903,0.7142857142857143,0.5714285714285714,0.4285714285714285,"The Swiss franc could surge as much as...",2.086098826030642,2.1172386117160364,1.6950,3.5887,High
2026-02-24,5155.7998046875,-0.5759467061588076,0.6666666666666666,1.0,0.6666666666666666,"Precious metals also have support amid...",2.3764236526146805,2.409730508998352,1.7500,4.2170,High
2026-02-25,5206.39990234375,0.9766362602618252,1.0,0.2,0.2,"Gold is considered one of the world's most...",2.280276211745735,2.311438545600915,1.6800,3.8315,High
2026-02-26,5176.5,-0.5759467061588076,0.75,0.25,0.25,"The first two months of 2026 have produced...",2.181024241115834,2.210292938987345,1.6200,3.5828,High
2026-02-27,5230.5,1.0377723577647786,0.5,0.75,0.75,"The latest study from the World Gold Council...",2.086098826030642,2.1172386117160364,1.7100,3.5694,High